Date,Commit Count
2018-02-27,4
2018-03-02,1
2018-03-03,4
2018-03-05,2
2018-03-09,1
2018-03-12,1
2018-03-19,2
2018-04-05,2
2018-04-06,1
2018-04-23,3
2018-04-24,1
2018-05-31,1
2018-06-20,1
2018-06-21,3
2018-06-25,2
2018-07-02,1
2018-07-03,1
2018-07-04,1
2018-07-23,1
2018-07-26,4
2018-09-03,1
2018-09-14,1
2018-10-01,2
2018-10-31,2
2018-12-03,6
2019-01-15,1
2019-01-23,1
2019-01-24,1
2019-01-29,8
2019-02-07,4
2019-02-08,4
2019-02-12,7
2019-02-21,1
2019-02-26,1
2019-04-29,2
2019-05-02,4
2019-05-03,1
2019-05-06,4
2019-05-08,1
2019-05-20,1
2019-05-23,18
2019-05-24,5
2019-07-11,1
2019-07-24,5
2019-07-29,1
2019-09-02,1
2019-09-03,1
2019-09-12,6
2019-09-16,2
2019-10-17,1
2020-10-30,2
2020-11-02,1
2021-04-11,2
2021-04-12,11
2021-04-13,2
2021-04-14,4
2021-04-15,3
2021-04-16,1
2021-10-10,2
2021-11-11,1
2022-02-14,1
2022-06-28,2
2022-06-29,1
2022-09-01,1
2022-11-19,1
2022-11-22,1
2022-11-23,3
2023-04-12,1
2023-04-17,1
